{
  "model": {

    "type": "minecraft:condition","property": "minecraft:component","predicate": "stored_enchantments",
    "value": [{"enchantments": "minecraft:aqua_affinity"}],
    "on_true": {
		"type": "minecraft:condition","property": "minecraft:component","predicate": "stored_enchantments",
		"value": [{"enchantments": "minecraft:aqua_affinity","levels":1}],
		"on_true": {"type": "minecraft:model","model": "minecraft:item/enchanted_book/aqua_affinity"},
	    "on_false": {		
		"type": "minecraft:model",
		"model": "minecraft:item/enchanted_book/aqua_affinity_over"
    }
    },
	
    "on_false": {
    "type": "minecraft:condition","property": "minecraft:component","predicate": "stored_enchantments",
    "value": [{"enchantments": "minecraft:bane_of_arthropods"}],
    "on_true": {
		"type": "minecraft:condition","property": "minecraft:component","predicate": "stored_enchantments",
		"value": [{"enchantments": "minecraft:bane_of_arthropods","levels":1}],
		"on_true": {"type": "minecraft:model","model": "minecraft:item/enchanted_book/bane_of_arthropods"},
	    "on_false": {
		"type": "minecraft:condition","property": "minecraft:component","predicate": "stored_enchantments",
		"value": [{"enchantments": "minecraft:bane_of_arthropods","levels":2}],
		"on_true": {"type": "minecraft:model","model": "minecraft:item/enchanted_book/bane_of_arthropods_2"},
	    "on_false": {
		"type": "minecraft:condition","property": "minecraft:component","predicate": "stored_enchantments",
		"value": [{"enchantments": "minecraft:bane_of_arthropods","levels":3}],
		"on_true": {"type": "minecraft:model","model": "minecraft:item/enchanted_book/bane_of_arthropods_3"},
	    "on_false": {
		"type": "minecraft:condition","property": "minecraft:component","predicate": "stored_enchantments",
		"value": [{"enchantments": "minecraft:bane_of_arthropods","levels":4}],
		"on_true": {"type": "minecraft:model","model": "minecraft:item/enchanted_book/bane_of_arthropods_4"},
	    "on_false": {
		"type": "minecraft:condition","property": "minecraft:component","predicate": "stored_enchantments",
		"value": [{"enchantments": "minecraft:bane_of_arthropods","levels":5}],
		"on_true": {"type": "minecraft:model","model": "minecraft:item/enchanted_book/bane_of_arthropods_max"},
	    "on_false": {		
		"type": "minecraft:model",
		"model": "minecraft:item/enchanted_book/bane_of_arthropods_over"
    }}}}}
    },

    "on_false": {
    "type": "minecraft:condition","property": "minecraft:component","predicate": "stored_enchantments",
    "value": [{"enchantments": "minecraft:blast_protection"}],
    "on_true": {
		"type": "minecraft:condition","property": "minecraft:component","predicate": "stored_enchantments",
		"value": [{"enchantments": "minecraft:blast_protection","levels":1}],
		"on_true": {"type": "minecraft:model","model": "minecraft:item/enchanted_book/blast_protection"},
	    "on_false": {
		"type": "minecraft:condition","property": "minecraft:component","predicate": "stored_enchantments",
		"value": [{"enchantments": "minecraft:blast_protection","levels":2}],
		"on_true": {"type": "minecraft:model","model": "minecraft:item/enchanted_book/blast_protection_2"},
	    "on_false": {
		"type": "minecraft:condition","property": "minecraft:component","predicate": "stored_enchantments",
		"value": [{"enchantments": "minecraft:blast_protection","levels":3}],
		"on_true": {"type": "minecraft:model","model": "minecraft:item/enchanted_book/blast_protection_3"},
	    "on_false": {
		"type": "minecraft:condition","property": "minecraft:component","predicate": "stored_enchantments",
		"value": [{"enchantments": "minecraft:blast_protection","levels":4}],
		"on_true": {"type": "minecraft:model","model": "minecraft:item/enchanted_book/blast_protection_max"},
	    "on_false": {		
		"type": "minecraft:model",
		"model": "minecraft:item/enchanted_book/blast_protection_over"
    }}}}
    },

    "on_false": {
    "type": "minecraft:condition","property": "minecraft:component","predicate": "stored_enchantments",
    "value": [{"enchantments": "minecraft:breach"}],
    "on_true": {
		"type": "minecraft:condition","property": "minecraft:component","predicate": "stored_enchantments",
		"value": [{"enchantments": "minecraft:breach","levels":1}],
		"on_true": {"type": "minecraft:model","model": "minecraft:item/enchanted_book/breach"},
	    "on_false": {
		"type": "minecraft:condition","property": "minecraft:component","predicate": "stored_enchantments",
		"value": [{"enchantments": "minecraft:breach","levels":2}],
		"on_true": {"type": "minecraft:model","model": "minecraft:item/enchanted_book/breach_2"},
	    "on_false": {
		"type": "minecraft:condition","property": "minecraft:component","predicate": "stored_enchantments",
		"value": [{"enchantments": "minecraft:breach","levels":3}],
		"on_true": {"type": "minecraft:model","model": "minecraft:item/enchanted_book/breach_3"},
	    "on_false": {
		"type": "minecraft:condition","property": "minecraft:component","predicate": "stored_enchantments",
		"value": [{"enchantments": "minecraft:breach","levels":4}],
		"on_true": {"type": "minecraft:model","model": "minecraft:item/enchanted_book/breach_max"},
	    "on_false": {		
		"type": "minecraft:model",
		"model": "minecraft:item/enchanted_book/breach_over"
    }}}}
    },

    "on_false": {
    "type": "minecraft:condition","property": "minecraft:component","predicate": "stored_enchantments",
    "value": [{"enchantments": "minecraft:channeling"}],
    "on_true": {
		"type": "minecraft:condition","property": "minecraft:component","predicate": "stored_enchantments",
		"value": [{"enchantments": "minecraft:channeling","levels":1}],
		"on_true": {"type": "minecraft:model","model": "minecraft:item/enchanted_book/channeling"},
	    "on_false": {		
		"type": "minecraft:model",
		"model": "minecraft:item/enchanted_book/channeling_over"
    }
    },

    "on_false": {
    "type": "minecraft:condition","property": "minecraft:component","predicate": "stored_enchantments",
    "value": [{"enchantments": "minecraft:binding_curse"}],
    "on_true": {
		"type": "minecraft:condition","property": "minecraft:component","predicate": "stored_enchantments",
		"value": [{"enchantments": "minecraft:binding_curse","levels":1}],
		"on_true": {"type": "minecraft:model","model": "minecraft:item/enchanted_book/curse_of_binding"},
	    "on_false": {		
		"type": "minecraft:model",
		"model": "minecraft:item/enchanted_book/curse_of_binding_over"
    }
    },
	
    "on_false": {
    "type": "minecraft:condition","property": "minecraft:component","predicate": "stored_enchantments",
    "value": [{"enchantments": "minecraft:vanishing_curse"}],
    "on_true": {
		"type": "minecraft:condition","property": "minecraft:component","predicate": "stored_enchantments",
		"value": [{"enchantments": "minecraft:vanishing_curse","levels":1}],
		"on_true": {"type": "minecraft:model","model": "minecraft:item/enchanted_book/curse_of_vanishing"},
	    "on_false": {		
		"type": "minecraft:model",
		"model": "minecraft:item/enchanted_book/curse_of_vanishing_over"
    }
    },
	
    "on_false": {
    "type": "minecraft:condition","property": "minecraft:component","predicate": "stored_enchantments",
    "value": [{"enchantments": "minecraft:density"}],
    "on_true": {
		"type": "minecraft:condition","property": "minecraft:component","predicate": "stored_enchantments",
		"value": [{"enchantments": "minecraft:density","levels":1}],
		"on_true": {"type": "minecraft:model","model": "minecraft:item/enchanted_book/density"},
	    "on_false": {
		"type": "minecraft:condition","property": "minecraft:component","predicate": "stored_enchantments",
		"value": [{"enchantments": "minecraft:density","levels":2}],
		"on_true": {"type": "minecraft:model","model": "minecraft:item/enchanted_book/density_2"},
	    "on_false": {
		"type": "minecraft:condition","property": "minecraft:component","predicate": "stored_enchantments",
		"value": [{"enchantments": "minecraft:density","levels":3}],
		"on_true": {"type": "minecraft:model","model": "minecraft:item/enchanted_book/density_3"},
	    "on_false": {
		"type": "minecraft:condition","property": "minecraft:component","predicate": "stored_enchantments",
		"value": [{"enchantments": "minecraft:density","levels":4}],
		"on_true": {"type": "minecraft:model","model": "minecraft:item/enchanted_book/density_4"},
	    "on_false": {
		"type": "minecraft:condition","property": "minecraft:component","predicate": "stored_enchantments",
		"value": [{"enchantments": "minecraft:density","levels":5}],
		"on_true": {"type": "minecraft:model","model": "minecraft:item/enchanted_book/density_max"},
	    "on_false": {		
		"type": "minecraft:model",
		"model": "minecraft:item/enchanted_book/density_over"
    }}}}}
    },
	
    "on_false": {
    "type": "minecraft:condition","property": "minecraft:component","predicate": "stored_enchantments",
    "value": [{"enchantments": "minecraft:depth_strider"}],
    "on_true": {
		"type": "minecraft:condition","property": "minecraft:component","predicate": "stored_enchantments",
		"value": [{"enchantments": "minecraft:depth_strider","levels":1}],
		"on_true": {"type": "minecraft:model","model": "minecraft:item/enchanted_book/depth_strider"},
	    "on_false": {
		"type": "minecraft:condition","property": "minecraft:component","predicate": "stored_enchantments",
		"value": [{"enchantments": "minecraft:depth_strider","levels":2}],
		"on_true": {"type": "minecraft:model","model": "minecraft:item/enchanted_book/depth_strider_2"},
	    "on_false": {
		"type": "minecraft:condition","property": "minecraft:component","predicate": "stored_enchantments",
		"value": [{"enchantments": "minecraft:depth_strider","levels":3}],
		"on_true": {"type": "minecraft:model","model": "minecraft:item/enchanted_book/depth_strider_max"},
	    "on_false": {		
		"type": "minecraft:model",
		"model": "minecraft:item/enchanted_book/depth_strider_over"
    }}}
    },
	
    "on_false": {
    "type": "minecraft:condition","property": "minecraft:component","predicate": "stored_enchantments",
    "value": [{"enchantments": "minecraft:efficiency"}],
    "on_true": {
		"type": "minecraft:condition","property": "minecraft:component","predicate": "stored_enchantments",
		"value": [{"enchantments": "minecraft:efficiency","levels":1}],
		"on_true": {"type": "minecraft:model","model": "minecraft:item/enchanted_book/efficiency"},
	    "on_false": {
		"type": "minecraft:condition","property": "minecraft:component","predicate": "stored_enchantments",
		"value": [{"enchantments": "minecraft:efficiency","levels":2}],
		"on_true": {"type": "minecraft:model","model": "minecraft:item/enchanted_book/efficiency_2"},
	    "on_false": {
		"type": "minecraft:condition","property": "minecraft:component","predicate": "stored_enchantments",
		"value": [{"enchantments": "minecraft:efficiency","levels":3}],
		"on_true": {"type": "minecraft:model","model": "minecraft:item/enchanted_book/efficiency_3"},
	    "on_false": {
		"type": "minecraft:condition","property": "minecraft:component","predicate": "stored_enchantments",
		"value": [{"enchantments": "minecraft:efficiency","levels":4}],
		"on_true": {"type": "minecraft:model","model": "minecraft:item/enchanted_book/efficiency_4"},
	    "on_false": {
		"type": "minecraft:condition","property": "minecraft:component","predicate": "stored_enchantments",
		"value": [{"enchantments": "minecraft:efficiency","levels":5}],
		"on_true": {"type": "minecraft:model","model": "minecraft:item/enchanted_book/efficiency_max"},
	    "on_false": {		
		"type": "minecraft:model",
		"model": "minecraft:item/enchanted_book/efficiency_over"
    }}}}}
    },
	
    "on_false": {
    "type": "minecraft:condition","property": "minecraft:component","predicate": "stored_enchantments",
    "value": [{"enchantments": "minecraft:feather_falling"}],
    "on_true": {
		"type": "minecraft:condition","property": "minecraft:component","predicate": "stored_enchantments",
		"value": [{"enchantments": "minecraft:feather_falling","levels":1}],
		"on_true": {"type": "minecraft:model","model": "minecraft:item/enchanted_book/feather_falling"},
	    "on_false": {
		"type": "minecraft:condition","property": "minecraft:component","predicate": "stored_enchantments",
		"value": [{"enchantments": "minecraft:feather_falling","levels":2}],
		"on_true": {"type": "minecraft:model","model": "minecraft:item/enchanted_book/feather_falling_2"},
	    "on_false": {
		"type": "minecraft:condition","property": "minecraft:component","predicate": "stored_enchantments",
		"value": [{"enchantments": "minecraft:feather_falling","levels":3}],
		"on_true": {"type": "minecraft:model","model": "minecraft:item/enchanted_book/feather_falling_3"},
	    "on_false": {
		"type": "minecraft:condition","property": "minecraft:component","predicate": "stored_enchantments",
		"value": [{"enchantments": "minecraft:feather_falling","levels":4}],
		"on_true": {"type": "minecraft:model","model": "minecraft:item/enchanted_book/feather_falling_max"},
	    "on_false": {		
		"type": "minecraft:model",
		"model": "minecraft:item/enchanted_book/feather_falling_over"
    }}}}
    },
	
    "on_false": {
    "type": "minecraft:condition","property": "minecraft:component","predicate": "stored_enchantments",
    "value": [{"enchantments": "minecraft:fire_aspect"}],
    "on_true": {
		"type": "minecraft:condition","property": "minecraft:component","predicate": "stored_enchantments",
		"value": [{"enchantments": "minecraft:fire_aspect","levels":1}],
		"on_true": {"type": "minecraft:model","model": "minecraft:item/enchanted_book/fire_aspect"},
	    "on_false": {
		"type": "minecraft:condition","property": "minecraft:component","predicate": "stored_enchantments",
		"value": [{"enchantments": "minecraft:fire_aspect","levels":2}],
		"on_true": {"type": "minecraft:model","model": "minecraft:item/enchanted_book/fire_aspect_max"},
	    "on_false": {		
		"type": "minecraft:model",
		"model": "minecraft:item/enchanted_book/fire_aspect_over"
    }}
    },
	
    "on_false": {
    "type": "minecraft:condition","property": "minecraft:component","predicate": "stored_enchantments",
    "value": [{"enchantments": "minecraft:fire_protection"}],
    "on_true": {
		"type": "minecraft:condition","property": "minecraft:component","predicate": "stored_enchantments",
		"value": [{"enchantments": "minecraft:fire_protection","levels":1}],
		"on_true": {"type": "minecraft:model","model": "minecraft:item/enchanted_book/fire_protection"},
	    "on_false": {
		"type": "minecraft:condition","property": "minecraft:component","predicate": "stored_enchantments",
		"value": [{"enchantments": "minecraft:fire_protection","levels":2}],
		"on_true": {"type": "minecraft:model","model": "minecraft:item/enchanted_book/fire_protection_2"},
	    "on_false": {
		"type": "minecraft:condition","property": "minecraft:component","predicate": "stored_enchantments",
		"value": [{"enchantments": "minecraft:fire_protection","levels":3}],
		"on_true": {"type": "minecraft:model","model": "minecraft:item/enchanted_book/fire_protection_3"},
	    "on_false": {
		"type": "minecraft:condition","property": "minecraft:component","predicate": "stored_enchantments",
		"value": [{"enchantments": "minecraft:fire_protection","levels":4}],
		"on_true": {"type": "minecraft:model","model": "minecraft:item/enchanted_book/fire_protection_max"},
	    "on_false": {		
		"type": "minecraft:model",
		"model": "minecraft:item/enchanted_book/fire_protection_over"
    }}}}
    },
	
    "on_false": {
    "type": "minecraft:condition","property": "minecraft:component","predicate": "stored_enchantments",
    "value": [{"enchantments": "minecraft:flame"}],
    "on_true": {
		"type": "minecraft:condition","property": "minecraft:component","predicate": "stored_enchantments",
		"value": [{"enchantments": "minecraft:flame","levels":1}],
		"on_true": {"type": "minecraft:model","model": "minecraft:item/enchanted_book/flame"},
	    "on_false": {		
		"type": "minecraft:model",
		"model": "minecraft:item/enchanted_book/flame_over"
    }
    },
	
    "on_false": {
    "type": "minecraft:condition","property": "minecraft:component","predicate": "stored_enchantments",
    "value": [{"enchantments": "minecraft:fortune"}],
    "on_true": {
		"type": "minecraft:condition","property": "minecraft:component","predicate": "stored_enchantments",
		"value": [{"enchantments": "minecraft:fortune","levels":1}],
		"on_true": {"type": "minecraft:model","model": "minecraft:item/enchanted_book/fortune"},
	    "on_false": {
		"type": "minecraft:condition","property": "minecraft:component","predicate": "stored_enchantments",
		"value": [{"enchantments": "minecraft:fortune","levels":2}],
		"on_true": {"type": "minecraft:model","model": "minecraft:item/enchanted_book/fortune_2"},
	    "on_false": {
		"type": "minecraft:condition","property": "minecraft:component","predicate": "stored_enchantments",
		"value": [{"enchantments": "minecraft:fortune","levels":3}],
		"on_true": {"type": "minecraft:model","model": "minecraft:item/enchanted_book/fortune_max"},
	    "on_false": {		
		"type": "minecraft:model",
		"model": "minecraft:item/enchanted_book/fortune_over"
    }}}
    },
	
    "on_false": {
    "type": "minecraft:condition","property": "minecraft:component","predicate": "stored_enchantments",
    "value": [{"enchantments": "minecraft:frost_walker"}],
    "on_true": {
		"type": "minecraft:condition","property": "minecraft:component","predicate": "stored_enchantments",
		"value": [{"enchantments": "minecraft:frost_walker","levels":1}],
		"on_true": {"type": "minecraft:model","model": "minecraft:item/enchanted_book/frost_walker"},
	    "on_false": {
		"type": "minecraft:condition","property": "minecraft:component","predicate": "stored_enchantments",
		"value": [{"enchantments": "minecraft:frost_walker","levels":2}],
		"on_true": {"type": "minecraft:model","model": "minecraft:item/enchanted_book/frost_walker_max"},
	    "on_false": {		
		"type": "minecraft:model",
		"model": "minecraft:item/enchanted_book/frost_walker_over"
    }}
    },
	
    "on_false": {
    "type": "minecraft:condition","property": "minecraft:component","predicate": "stored_enchantments",
    "value": [{"enchantments": "minecraft:impaling"}],
    "on_true": {
		"type": "minecraft:condition","property": "minecraft:component","predicate": "stored_enchantments",
		"value": [{"enchantments": "minecraft:impaling","levels":1}],
		"on_true": {"type": "minecraft:model","model": "minecraft:item/enchanted_book/impaling"},
	    "on_false": {
		"type": "minecraft:condition","property": "minecraft:component","predicate": "stored_enchantments",
		"value": [{"enchantments": "minecraft:impaling","levels":2}],
		"on_true": {"type": "minecraft:model","model": "minecraft:item/enchanted_book/impaling_2"},
	    "on_false": {
		"type": "minecraft:condition","property": "minecraft:component","predicate": "stored_enchantments",
		"value": [{"enchantments": "minecraft:impaling","levels":3}],
		"on_true": {"type": "minecraft:model","model": "minecraft:item/enchanted_book/impaling_3"},
	    "on_false": {
		"type": "minecraft:condition","property": "minecraft:component","predicate": "stored_enchantments",
		"value": [{"enchantments": "minecraft:impaling","levels":4}],
		"on_true": {"type": "minecraft:model","model": "minecraft:item/enchanted_book/impaling_4"},
	    "on_false": {
		"type": "minecraft:condition","property": "minecraft:component","predicate": "stored_enchantments",
		"value": [{"enchantments": "minecraft:impaling","levels":5}],
		"on_true": {"type": "minecraft:model","model": "minecraft:item/enchanted_book/impaling_max"},
	    "on_false": {		
		"type": "minecraft:model",
		"model": "minecraft:item/enchanted_book/impaling_over"
    }}}}}
    },
	
    "on_false": {
    "type": "minecraft:condition","property": "minecraft:component","predicate": "stored_enchantments",
    "value": [{"enchantments": "minecraft:infinity"}],
    "on_true": {
		"type": "minecraft:condition","property": "minecraft:component","predicate": "stored_enchantments",
		"value": [{"enchantments": "minecraft:infinity","levels":1}],
		"on_true": {"type": "minecraft:model","model": "minecraft:item/enchanted_book/infinity"},
	    "on_false": {		
		"type": "minecraft:model",
		"model": "minecraft:item/enchanted_book/infinity_over"
    }
    },
	
    "on_false": {
    "type": "minecraft:condition","property": "minecraft:component","predicate": "stored_enchantments",
    "value": [{"enchantments": "minecraft:knockback"}],
    "on_true": {
		"type": "minecraft:condition","property": "minecraft:component","predicate": "stored_enchantments",
		"value": [{"enchantments": "minecraft:knockback","levels":1}],
		"on_true": {"type": "minecraft:model","model": "minecraft:item/enchanted_book/knockback"},
	    "on_false": {
		"type": "minecraft:condition","property": "minecraft:component","predicate": "stored_enchantments",
		"value": [{"enchantments": "minecraft:knockback","levels":2}],
		"on_true": {"type": "minecraft:model","model": "minecraft:item/enchanted_book/knockback_max"},
	    "on_false": {		
		"type": "minecraft:model",
		"model": "minecraft:item/enchanted_book/knockback_over"
    }}
    },
	
    "on_false": {
    "type": "minecraft:condition","property": "minecraft:component","predicate": "stored_enchantments",
    "value": [{"enchantments": "minecraft:looting"}],
    "on_true": {
		"type": "minecraft:condition","property": "minecraft:component","predicate": "stored_enchantments",
		"value": [{"enchantments": "minecraft:looting","levels":1}],
		"on_true": {"type": "minecraft:model","model": "minecraft:item/enchanted_book/looting"},
	    "on_false": {
		"type": "minecraft:condition","property": "minecraft:component","predicate": "stored_enchantments",
		"value": [{"enchantments": "minecraft:looting","levels":2}],
		"on_true": {"type": "minecraft:model","model": "minecraft:item/enchanted_book/looting_2"},
	    "on_false": {
		"type": "minecraft:condition","property": "minecraft:component","predicate": "stored_enchantments",
		"value": [{"enchantments": "minecraft:looting","levels":3}],
		"on_true": {"type": "minecraft:model","model": "minecraft:item/enchanted_book/looting_max"},
	    "on_false": {		
		"type": "minecraft:model",
		"model": "minecraft:item/enchanted_book/looting_over"
    }}}
    },
	
    "on_false": {
    "type": "minecraft:condition","property": "minecraft:component","predicate": "stored_enchantments",
    "value": [{"enchantments": "minecraft:loyalty"}],
    "on_true": {
		"type": "minecraft:condition","property": "minecraft:component","predicate": "stored_enchantments",
		"value": [{"enchantments": "minecraft:loyalty","levels":1}],
		"on_true": {"type": "minecraft:model","model": "minecraft:item/enchanted_book/loyalty"},
	    "on_false": {
		"type": "minecraft:condition","property": "minecraft:component","predicate": "stored_enchantments",
		"value": [{"enchantments": "minecraft:loyalty","levels":2}],
		"on_true": {"type": "minecraft:model","model": "minecraft:item/enchanted_book/loyalty_2"},
	    "on_false": {
		"type": "minecraft:condition","property": "minecraft:component","predicate": "stored_enchantments",
		"value": [{"enchantments": "minecraft:loyalty","levels":3}],
		"on_true": {"type": "minecraft:model","model": "minecraft:item/enchanted_book/loyalty_max"},
	    "on_false": {		
		"type": "minecraft:model",
		"model": "minecraft:item/enchanted_book/loyalty_over"
    }}}
    },
	
    "on_false": {
    "type": "minecraft:condition","property": "minecraft:component","predicate": "stored_enchantments",
    "value": [{"enchantments": "minecraft:luck_of_the_sea"}],
    "on_true": {
		"type": "minecraft:condition","property": "minecraft:component","predicate": "stored_enchantments",
		"value": [{"enchantments": "minecraft:luck_of_the_sea","levels":1}],
		"on_true": {"type": "minecraft:model","model": "minecraft:item/enchanted_book/luck_of_the_sea"},
	    "on_false": {
		"type": "minecraft:condition","property": "minecraft:component","predicate": "stored_enchantments",
		"value": [{"enchantments": "minecraft:luck_of_the_sea","levels":2}],
		"on_true": {"type": "minecraft:model","model": "minecraft:item/enchanted_book/luck_of_the_sea_2"},
	    "on_false": {
		"type": "minecraft:condition","property": "minecraft:component","predicate": "stored_enchantments",
		"value": [{"enchantments": "minecraft:luck_of_the_sea","levels":3}],
		"on_true": {"type": "minecraft:model","model": "minecraft:item/enchanted_book/luck_of_the_sea_max"},
	    "on_false": {		
		"type": "minecraft:model",
		"model": "minecraft:item/enchanted_book/luck_of_the_sea_over"
    }}}
    },

    "on_false": {
    "type": "minecraft:condition","property": "minecraft:component","predicate": "stored_enchantments",
    "value": [{"enchantments": "minecraft:lure"}],
    "on_true": {
		"type": "minecraft:condition","property": "minecraft:component","predicate": "stored_enchantments",
		"value": [{"enchantments": "minecraft:lure","levels":1}],
		"on_true": {"type": "minecraft:model","model": "minecraft:item/enchanted_book/lure"},
	    "on_false": {
		"type": "minecraft:condition","property": "minecraft:component","predicate": "stored_enchantments",
		"value": [{"enchantments": "minecraft:lure","levels":2}],
		"on_true": {"type": "minecraft:model","model": "minecraft:item/enchanted_book/lure_2"},
	    "on_false": {
		"type": "minecraft:condition","property": "minecraft:component","predicate": "stored_enchantments",
		"value": [{"enchantments": "minecraft:lure","levels":3}],
		"on_true": {"type": "minecraft:model","model": "minecraft:item/enchanted_book/lure_max"},
	    "on_false": {		
		"type": "minecraft:model",
		"model": "minecraft:item/enchanted_book/lure_over"
    }}}
    },
	  
    "on_false": {
    "type": "minecraft:condition","property": "minecraft:component","predicate": "stored_enchantments",
    "value": [{"enchantments": "minecraft:mending"}],
    "on_true": {
		"type": "minecraft:condition","property": "minecraft:component","predicate": "stored_enchantments",
		"value": [{"enchantments": "minecraft:mending","levels":1}],
		"on_true": {"type": "minecraft:model","model": "minecraft:item/enchanted_book/mending"},
	    "on_false": {		
		"type": "minecraft:model",
		"model": "minecraft:item/enchanted_book/mending_over"
    }
    },
	
    "on_false": {
    "type": "minecraft:condition","property": "minecraft:component","predicate": "stored_enchantments",
    "value": [{"enchantments": "minecraft:multishot"}],
    "on_true": {
		"type": "minecraft:condition","property": "minecraft:component","predicate": "stored_enchantments",
		"value": [{"enchantments": "minecraft:multishot","levels":1}],
		"on_true": {"type": "minecraft:model","model": "minecraft:item/enchanted_book/multishot"},
	    "on_false": {		
		"type": "minecraft:model",
		"model": "minecraft:item/enchanted_book/multishot_over"
    }
    },
	
    "on_false": {
    "type": "minecraft:condition","property": "minecraft:component","predicate": "stored_enchantments",
    "value": [{"enchantments": "minecraft:piercing"}],
    "on_true": {
		"type": "minecraft:condition","property": "minecraft:component","predicate": "stored_enchantments",
		"value": [{"enchantments": "minecraft:piercing","levels":1}],
		"on_true": {"type": "minecraft:model","model": "minecraft:item/enchanted_book/piercing"},
	    "on_false": {
		"type": "minecraft:condition","property": "minecraft:component","predicate": "stored_enchantments",
		"value": [{"enchantments": "minecraft:piercing","levels":2}],
		"on_true": {"type": "minecraft:model","model": "minecraft:item/enchanted_book/piercing_2"},
	    "on_false": {
		"type": "minecraft:condition","property": "minecraft:component","predicate": "stored_enchantments",
		"value": [{"enchantments": "minecraft:piercing","levels":3}],
		"on_true": {"type": "minecraft:model","model": "minecraft:item/enchanted_book/piercing_3"},
	    "on_false": {
		"type": "minecraft:condition","property": "minecraft:component","predicate": "stored_enchantments",
		"value": [{"enchantments": "minecraft:piercing","levels":4}],
		"on_true": {"type": "minecraft:model","model": "minecraft:item/enchanted_book/piercing_max"},
	    "on_false": {		
		"type": "minecraft:model",
		"model": "minecraft:item/enchanted_book/piercing_over"
    }}}}
    },
	
    "on_false": {
    "type": "minecraft:condition","property": "minecraft:component","predicate": "stored_enchantments",
    "value": [{"enchantments": "minecraft:power"}],
    "on_true": {
		"type": "minecraft:condition","property": "minecraft:component","predicate": "stored_enchantments",
		"value": [{"enchantments": "minecraft:power","levels":1}],
		"on_true": {"type": "minecraft:model","model": "minecraft:item/enchanted_book/power"},
	    "on_false": {
		"type": "minecraft:condition","property": "minecraft:component","predicate": "stored_enchantments",
		"value": [{"enchantments": "minecraft:power","levels":2}],
		"on_true": {"type": "minecraft:model","model": "minecraft:item/enchanted_book/power_2"},
	    "on_false": {
		"type": "minecraft:condition","property": "minecraft:component","predicate": "stored_enchantments",
		"value": [{"enchantments": "minecraft:power","levels":3}],
		"on_true": {"type": "minecraft:model","model": "minecraft:item/enchanted_book/power_3"},
	    "on_false": {
		"type": "minecraft:condition","property": "minecraft:component","predicate": "stored_enchantments",
		"value": [{"enchantments": "minecraft:power","levels":4}],
		"on_true": {"type": "minecraft:model","model": "minecraft:item/enchanted_book/power_4"},
	    "on_false": {
		"type": "minecraft:condition","property": "minecraft:component","predicate": "stored_enchantments",
		"value": [{"enchantments": "minecraft:power","levels":5}],
		"on_true": {"type": "minecraft:model","model": "minecraft:item/enchanted_book/power_max"},
	    "on_false": {		
		"type": "minecraft:model",
		"model": "minecraft:item/enchanted_book/power_over"
    }}}}}
    },
	
    "on_false": {
    "type": "minecraft:condition","property": "minecraft:component","predicate": "stored_enchantments",
    "value": [{"enchantments": "minecraft:projectile_protection"}],
    "on_true": {
		"type": "minecraft:condition","property": "minecraft:component","predicate": "stored_enchantments",
		"value": [{"enchantments": "minecraft:projectile_protection","levels":1}],
		"on_true": {"type": "minecraft:model","model": "minecraft:item/enchanted_book/projectile_protection"},
	    "on_false": {
		"type": "minecraft:condition","property": "minecraft:component","predicate": "stored_enchantments",
		"value": [{"enchantments": "minecraft:projectile_protection","levels":2}],
		"on_true": {"type": "minecraft:model","model": "minecraft:item/enchanted_book/projectile_protection_2"},
	    "on_false": {
		"type": "minecraft:condition","property": "minecraft:component","predicate": "stored_enchantments",
		"value": [{"enchantments": "minecraft:projectile_protection","levels":3}],
		"on_true": {"type": "minecraft:model","model": "minecraft:item/enchanted_book/projectile_protection_3"},
	    "on_false": {
		"type": "minecraft:condition","property": "minecraft:component","predicate": "stored_enchantments",
		"value": [{"enchantments": "minecraft:projectile_protection","levels":4}],
		"on_true": {"type": "minecraft:model","model": "minecraft:item/enchanted_book/projectile_protection_max"},
	    "on_false": {		
		"type": "minecraft:model",
		"model": "minecraft:item/enchanted_book/projectile_protection_over"
    }}}}
    },

    "on_false": {
    "type": "minecraft:condition","property": "minecraft:component","predicate": "stored_enchantments",
    "value": [{"enchantments": "minecraft:protection"}],
    "on_true": {
		"type": "minecraft:condition","property": "minecraft:component","predicate": "stored_enchantments",
		"value": [{"enchantments": "minecraft:protection","levels":1}],
		"on_true": {"type": "minecraft:model","model": "minecraft:item/enchanted_book/protection"},
	    "on_false": {
		"type": "minecraft:condition","property": "minecraft:component","predicate": "stored_enchantments",
		"value": [{"enchantments": "minecraft:protection","levels":2}],
		"on_true": {"type": "minecraft:model","model": "minecraft:item/enchanted_book/protection_2"},
	    "on_false": {
		"type": "minecraft:condition","property": "minecraft:component","predicate": "stored_enchantments",
		"value": [{"enchantments": "minecraft:protection","levels":3}],
		"on_true": {"type": "minecraft:model","model": "minecraft:item/enchanted_book/protection_3"},
	    "on_false": {
		"type": "minecraft:condition","property": "minecraft:component","predicate": "stored_enchantments",
		"value": [{"enchantments": "minecraft:protection","levels":4}],
		"on_true": {"type": "minecraft:model","model": "minecraft:item/enchanted_book/protection_max"},
	    "on_false": {		
		"type": "minecraft:model",
		"model": "minecraft:item/enchanted_book/protection_over"
    }}}}
    },
	
    "on_false": {
    "type": "minecraft:condition","property": "minecraft:component","predicate": "stored_enchantments",
    "value": [{"enchantments": "minecraft:punch"}],
    "on_true": {
		"type": "minecraft:condition","property": "minecraft:component","predicate": "stored_enchantments",
		"value": [{"enchantments": "minecraft:punch","levels":1}],
		"on_true": {"type": "minecraft:model","model": "minecraft:item/enchanted_book/punch"},
	    "on_false": {
		"type": "minecraft:condition","property": "minecraft:component","predicate": "stored_enchantments",
		"value": [{"enchantments": "minecraft:punch","levels":2}],
		"on_true": {"type": "minecraft:model","model": "minecraft:item/enchanted_book/punch_max"},
	    "on_false": {		
		"type": "minecraft:model",
		"model": "minecraft:item/enchanted_book/punch_over"
    }}
    },
	
    "on_false": {
    "type": "minecraft:condition","property": "minecraft:component","predicate": "stored_enchantments",
    "value": [{"enchantments": "minecraft:quick_charge"}],
    "on_true": {
		"type": "minecraft:condition","property": "minecraft:component","predicate": "stored_enchantments",
		"value": [{"enchantments": "minecraft:quick_charge","levels":1}],
		"on_true": {"type": "minecraft:model","model": "minecraft:item/enchanted_book/quick_charge"},
	    "on_false": {
		"type": "minecraft:condition","property": "minecraft:component","predicate": "stored_enchantments",
		"value": [{"enchantments": "minecraft:quick_charge","levels":2}],
		"on_true": {"type": "minecraft:model","model": "minecraft:item/enchanted_book/quick_charge_2"},
	    "on_false": {
		"type": "minecraft:condition","property": "minecraft:component","predicate": "stored_enchantments",
		"value": [{"enchantments": "minecraft:quick_charge","levels":3}],
		"on_true": {"type": "minecraft:model","model": "minecraft:item/enchanted_book/quick_charge_max"},
	    "on_false": {		
		"type": "minecraft:model",
		"model": "minecraft:item/enchanted_book/quick_charge_over"
    }}}
    },
	
    "on_false": {
    "type": "minecraft:condition","property": "minecraft:component","predicate": "stored_enchantments",
    "value": [{"enchantments": "minecraft:respiration"}],
    "on_true": {
		"type": "minecraft:condition","property": "minecraft:component","predicate": "stored_enchantments",
		"value": [{"enchantments": "minecraft:respiration","levels":1}],
		"on_true": {"type": "minecraft:model","model": "minecraft:item/enchanted_book/respiration"},
	    "on_false": {
		"type": "minecraft:condition","property": "minecraft:component","predicate": "stored_enchantments",
		"value": [{"enchantments": "minecraft:respiration","levels":2}],
		"on_true": {"type": "minecraft:model","model": "minecraft:item/enchanted_book/respiration_2"},
	    "on_false": {
		"type": "minecraft:condition","property": "minecraft:component","predicate": "stored_enchantments",
		"value": [{"enchantments": "minecraft:respiration","levels":3}],
		"on_true": {"type": "minecraft:model","model": "minecraft:item/enchanted_book/respiration_max"},
	    "on_false": {		
		"type": "minecraft:model",
		"model": "minecraft:item/enchanted_book/respiration_over"
    }}}
    },
	
    "on_false": {
    "type": "minecraft:condition","property": "minecraft:component","predicate": "stored_enchantments",
    "value": [{"enchantments": "minecraft:riptide"}],
    "on_true": {
		"type": "minecraft:condition","property": "minecraft:component","predicate": "stored_enchantments",
		"value": [{"enchantments": "minecraft:riptide","levels":1}],
		"on_true": {"type": "minecraft:model","model": "minecraft:item/enchanted_book/riptide"},
	    "on_false": {
		"type": "minecraft:condition","property": "minecraft:component","predicate": "stored_enchantments",
		"value": [{"enchantments": "minecraft:riptide","levels":2}],
		"on_true": {"type": "minecraft:model","model": "minecraft:item/enchanted_book/riptide_2"},
	    "on_false": {
		"type": "minecraft:condition","property": "minecraft:component","predicate": "stored_enchantments",
		"value": [{"enchantments": "minecraft:riptide","levels":3}],
		"on_true": {"type": "minecraft:model","model": "minecraft:item/enchanted_book/riptide_max"},
	    "on_false": {		
		"type": "minecraft:model",
		"model": "minecraft:item/enchanted_book/riptide_over"
    }}}
    },
	
    "on_false": {
    "type": "minecraft:condition","property": "minecraft:component","predicate": "stored_enchantments",
    "value": [{"enchantments": "minecraft:sharpness"}],
    "on_true": {
		"type": "minecraft:condition","property": "minecraft:component","predicate": "stored_enchantments",
		"value": [{"enchantments": "minecraft:sharpness","levels":1}],
		"on_true": {"type": "minecraft:model","model": "minecraft:item/enchanted_book/sharpness"},
	    "on_false": {
		"type": "minecraft:condition","property": "minecraft:component","predicate": "stored_enchantments",
		"value": [{"enchantments": "minecraft:sharpness","levels":2}],
		"on_true": {"type": "minecraft:model","model": "minecraft:item/enchanted_book/sharpness_2"},
	    "on_false": {
		"type": "minecraft:condition","property": "minecraft:component","predicate": "stored_enchantments",
		"value": [{"enchantments": "minecraft:sharpness","levels":3}],
		"on_true": {"type": "minecraft:model","model": "minecraft:item/enchanted_book/sharpness_3"},
	    "on_false": {
		"type": "minecraft:condition","property": "minecraft:component","predicate": "stored_enchantments",
		"value": [{"enchantments": "minecraft:sharpness","levels":4}],
		"on_true": {"type": "minecraft:model","model": "minecraft:item/enchanted_book/sharpness_4"},
	    "on_false": {
		"type": "minecraft:condition","property": "minecraft:component","predicate": "stored_enchantments",
		"value": [{"enchantments": "minecraft:sharpness","levels":5}],
		"on_true": {"type": "minecraft:model","model": "minecraft:item/enchanted_book/sharpness_max"},
	    "on_false": {		
		"type": "minecraft:model",
		"model": "minecraft:item/enchanted_book/sharpness_over"
    }}}}}
    },
	
    "on_false": {
    "type": "minecraft:condition","property": "minecraft:component","predicate": "stored_enchantments",
    "value": [{"enchantments": "minecraft:silk_touch"}],
    "on_true": {
		"type": "minecraft:condition","property": "minecraft:component","predicate": "stored_enchantments",
		"value": [{"enchantments": "minecraft:silk_touch","levels":1}],
		"on_true": {"type": "minecraft:model","model": "minecraft:item/enchanted_book/silk_touch"},
	    "on_false": {		
		"type": "minecraft:model",
		"model": "minecraft:item/enchanted_book/silk_touch_over"
    }
    },
	
    "on_false": {
    "type": "minecraft:condition","property": "minecraft:component","predicate": "stored_enchantments",
    "value": [{"enchantments": "minecraft:smite"}],
    "on_true": {
		"type": "minecraft:condition","property": "minecraft:component","predicate": "stored_enchantments",
		"value": [{"enchantments": "minecraft:smite","levels":1}],
		"on_true": {"type": "minecraft:model","model": "minecraft:item/enchanted_book/smite"},
	    "on_false": {
		"type": "minecraft:condition","property": "minecraft:component","predicate": "stored_enchantments",
		"value": [{"enchantments": "minecraft:smite","levels":2}],
		"on_true": {"type": "minecraft:model","model": "minecraft:item/enchanted_book/smite_2"},
	    "on_false": {
		"type": "minecraft:condition","property": "minecraft:component","predicate": "stored_enchantments",
		"value": [{"enchantments": "minecraft:smite","levels":3}],
		"on_true": {"type": "minecraft:model","model": "minecraft:item/enchanted_book/smite_3"},
	    "on_false": {
		"type": "minecraft:condition","property": "minecraft:component","predicate": "stored_enchantments",
		"value": [{"enchantments": "minecraft:smite","levels":4}],
		"on_true": {"type": "minecraft:model","model": "minecraft:item/enchanted_book/smite_4"},
	    "on_false": {
		"type": "minecraft:condition","property": "minecraft:component","predicate": "stored_enchantments",
		"value": [{"enchantments": "minecraft:smite","levels":5}],
		"on_true": {"type": "minecraft:model","model": "minecraft:item/enchanted_book/smite_max"},
	    "on_false": {		
		"type": "minecraft:model",
		"model": "minecraft:item/enchanted_book/smite_over"
    }}}}}
    },
	
    "on_false": {
    "type": "minecraft:condition","property": "minecraft:component","predicate": "stored_enchantments",
    "value": [{"enchantments": "minecraft:soul_speed"}],
    "on_true": {
		"type": "minecraft:condition","property": "minecraft:component","predicate": "stored_enchantments",
		"value": [{"enchantments": "minecraft:soul_speed","levels":1}],
		"on_true": {"type": "minecraft:model","model": "minecraft:item/enchanted_book/soul_speed"},
	    "on_false": {
		"type": "minecraft:condition","property": "minecraft:component","predicate": "stored_enchantments",
		"value": [{"enchantments": "minecraft:soul_speed","levels":2}],
		"on_true": {"type": "minecraft:model","model": "minecraft:item/enchanted_book/soul_speed_2"},
	    "on_false": {
		"type": "minecraft:condition","property": "minecraft:component","predicate": "stored_enchantments",
		"value": [{"enchantments": "minecraft:soul_speed","levels":3}],
		"on_true": {"type": "minecraft:model","model": "minecraft:item/enchanted_book/soul_speed_max"},
	    "on_false": {		
		"type": "minecraft:model",
		"model": "minecraft:item/enchanted_book/soul_speed_over"
    }}}
    },
	
    "on_false": {
    "type": "minecraft:condition","property": "minecraft:component","predicate": "stored_enchantments",
    "value": [{"enchantments": "minecraft:sweeping_edge"}],
    "on_true": {
		"type": "minecraft:condition","property": "minecraft:component","predicate": "stored_enchantments",
		"value": [{"enchantments": "minecraft:sweeping_edge","levels":1}],
		"on_true": {"type": "minecraft:model","model": "minecraft:item/enchanted_book/sweeping_edge"},
	    "on_false": {
		"type": "minecraft:condition","property": "minecraft:component","predicate": "stored_enchantments",
		"value": [{"enchantments": "minecraft:sweeping_edge","levels":2}],
		"on_true": {"type": "minecraft:model","model": "minecraft:item/enchanted_book/sweeping_edge_2"},
	    "on_false": {
		"type": "minecraft:condition","property": "minecraft:component","predicate": "stored_enchantments",
		"value": [{"enchantments": "minecraft:sweeping_edge","levels":3}],
		"on_true": {"type": "minecraft:model","model": "minecraft:item/enchanted_book/sweeping_edge_max"},
	    "on_false": {		
		"type": "minecraft:model",
		"model": "minecraft:item/enchanted_book/sweeping_edge_over"
    }}}
    },
	
    "on_false": {
    "type": "minecraft:condition","property": "minecraft:component","predicate": "stored_enchantments",
    "value": [{"enchantments": "minecraft:swift_sneak"}],
    "on_true": {
		"type": "minecraft:condition","property": "minecraft:component","predicate": "stored_enchantments",
		"value": [{"enchantments": "minecraft:swift_sneak","levels":1}],
		"on_true": {"type": "minecraft:model","model": "minecraft:item/enchanted_book/swift_sneak"},
	    "on_false": {
		"type": "minecraft:condition","property": "minecraft:component","predicate": "stored_enchantments",
		"value": [{"enchantments": "minecraft:swift_sneak","levels":2}],
		"on_true": {"type": "minecraft:model","model": "minecraft:item/enchanted_book/swift_sneak_2"},
	    "on_false": {
		"type": "minecraft:condition","property": "minecraft:component","predicate": "stored_enchantments",
		"value": [{"enchantments": "minecraft:swift_sneak","levels":3}],
		"on_true": {"type": "minecraft:model","model": "minecraft:item/enchanted_book/swift_sneak_max"},
	    "on_false": {		
		"type": "minecraft:model",
		"model": "minecraft:item/enchanted_book/swift_sneak_over"
    }}}
    },
	
    "on_false": {
    "type": "minecraft:condition","property": "minecraft:component","predicate": "stored_enchantments",
    "value": [{"enchantments": "minecraft:thorns"}],
    "on_true": {
		"type": "minecraft:condition","property": "minecraft:component","predicate": "stored_enchantments",
		"value": [{"enchantments": "minecraft:thorns","levels":1}],
		"on_true": {"type": "minecraft:model","model": "minecraft:item/enchanted_book/thorns"},
	    "on_false": {
		"type": "minecraft:condition","property": "minecraft:component","predicate": "stored_enchantments",
		"value": [{"enchantments": "minecraft:thorns","levels":2}],
		"on_true": {"type": "minecraft:model","model": "minecraft:item/enchanted_book/thorns_2"},
	    "on_false": {
		"type": "minecraft:condition","property": "minecraft:component","predicate": "stored_enchantments",
		"value": [{"enchantments": "minecraft:thorns","levels":3}],
		"on_true": {"type": "minecraft:model","model": "minecraft:item/enchanted_book/thorns_max"},
	    "on_false": {		
		"type": "minecraft:model",
		"model": "minecraft:item/enchanted_book/thorns_over"
    }}}
    },
	
    "on_false": {
    "type": "minecraft:condition","property": "minecraft:component","predicate": "stored_enchantments",
    "value": [{"enchantments": "minecraft:unbreaking"}],
    "on_true": {
		"type": "minecraft:condition","property": "minecraft:component","predicate": "stored_enchantments",
		"value": [{"enchantments": "minecraft:unbreaking","levels":1}],
		"on_true": {"type": "minecraft:model","model": "minecraft:item/enchanted_book/unbreaking"},
	    "on_false": {
		"type": "minecraft:condition","property": "minecraft:component","predicate": "stored_enchantments",
		"value": [{"enchantments": "minecraft:unbreaking","levels":2}],
		"on_true": {"type": "minecraft:model","model": "minecraft:item/enchanted_book/unbreaking_2"},
	    "on_false": {
		"type": "minecraft:condition","property": "minecraft:component","predicate": "stored_enchantments",
		"value": [{"enchantments": "minecraft:unbreaking","levels":3}],
		"on_true": {"type": "minecraft:model","model": "minecraft:item/enchanted_book/unbreaking_max"},
	    "on_false": {		
		"type": "minecraft:model",
		"model": "minecraft:item/enchanted_book/unbreaking_over"
    }}}
    },
	
    "on_false": {
    "type": "minecraft:condition","property": "minecraft:component","predicate": "stored_enchantments",
    "value": [{"enchantments": "minecraft:wind_burst"}],
    "on_true": {
		"type": "minecraft:condition","property": "minecraft:component","predicate": "stored_enchantments",
		"value": [{"enchantments": "minecraft:wind_burst","levels":1}],
		"on_true": {"type": "minecraft:model","model": "minecraft:item/enchanted_book/wind_burst"},
	    "on_false": {
		"type": "minecraft:condition","property": "minecraft:component","predicate": "stored_enchantments",
		"value": [{"enchantments": "minecraft:wind_burst","levels":2}],
		"on_true": {"type": "minecraft:model","model": "minecraft:item/enchanted_book/wind_burst_2"},
	    "on_false": {
		"type": "minecraft:condition","property": "minecraft:component","predicate": "stored_enchantments",
		"value": [{"enchantments": "minecraft:wind_burst","levels":3}],
		"on_true": {"type": "minecraft:model","model": "minecraft:item/enchanted_book/wind_burst_max"},
	    "on_false": {		
		"type": "minecraft:model",
		"model": "minecraft:item/enchanted_book/wind_burst_over"
    }}}
    },

    "on_false": {
    "type": "minecraft:condition","property": "minecraft:component","predicate": "stored_enchantments",
    "value": [{"enchantments": "minecraft:lunge"}],
    "on_true": {
		"type": "minecraft:condition","property": "minecraft:component","predicate": "stored_enchantments",
		"value": [{"enchantments": "minecraft:lunge","levels":1}],
		"on_true": {"type": "minecraft:model","model": "minecraft:item/enchanted_book/lunge"},
	    "on_false": {
		"type": "minecraft:condition","property": "minecraft:component","predicate": "stored_enchantments",
		"value": [{"enchantments": "minecraft:lunge","levels":2}],
		"on_true": {"type": "minecraft:model","model": "minecraft:item/enchanted_book/lunge_2"},
	    "on_false": {
		"type": "minecraft:condition","property": "minecraft:component","predicate": "stored_enchantments",
		"value": [{"enchantments": "minecraft:lunge","levels":3}],
		"on_true": {"type": "minecraft:model","model": "minecraft:item/enchanted_book/lunge_max"},
	    "on_false": {		
		"type": "minecraft:model",
		"model": "minecraft:item/enchanted_book/lunge_over"
    }}}
    },

	
    "on_false": {
      "type": "minecraft:model",
      "model": "minecraft:item/enchanted_book"
    
    }
    }
    }
    }
    }
    }
    }
    }
    }
    }
    }
    }
    }
    }
    }
    }
    }
    }
    }
    }
    }
    }
    }
    }
    }
    }
    }
    }
    }
    }
    }
    }
    }
    }
    }
    }
    }
    }
    }
    }
    }
    }
    }
  }
}