{
  "model": {
    "type": "minecraft:select",
    "property": "minecraft:component","component": "minecraft:ominous_bottle_amplifier",
	"cases": [
	{"when": 1,"model": {"type": "minecraft:model","model": "minecraft:item/potions/ominous_bottle/2"}},
	{"when": 2,"model": {"type": "minecraft:model","model": "minecraft:item/potions/ominous_bottle/3"}},
	{"when": 3,"model": {"type": "minecraft:model","model": "minecraft:item/potions/ominous_bottle/4"}},
	{"when": 4,"model": {"type": "minecraft:model","model": "minecraft:item/potions/ominous_bottle/5"}}
	],
	"fallback": {
      "type": "minecraft:model",
      "model": "minecraft:item/ominous_bottle"
    }
  }
}