{
  "model": {
	"type": "minecraft:select",
	"property": "minecraft:component","component": "minecraft:suspicious_stew_effects",
	"cases": [
	{"when": [{"duration":7,"id":"minecraft:saturation"}],"model": {"type": "minecraft:model","model": "minecraft:item/potions/suspicious_stew/saturation"}},
	{"when": [{"duration":220,"id":"minecraft:blindness"}],"model": {"type": "minecraft:model","model": "minecraft:item/potions/suspicious_stew/blindness"}},
	{"when": [{"duration":140,"id":"minecraft:nausea"}],"model": {"type": "minecraft:model","model": "minecraft:item/potions/suspicious_stew/nausea"}},
	{"when": [{"duration":100,"id":"minecraft:night_vision"}],"model": {"type": "minecraft:model","model": "minecraft:item/potions/suspicious_stew/night_vision"}},
	{"when": [{"duration":60,"id":"minecraft:fire_resistance"}],"model": {"type": "minecraft:model","model": "minecraft:item/potions/suspicious_stew/fire_resistance"}},
	{"when": [{"duration":140,"id":"minecraft:weakness"}],"model": {"type": "minecraft:model","model": "minecraft:item/potions/suspicious_stew/weakness"}},
	{"when": [{"duration":140,"id":"minecraft:regeneration"}],"model": {"type": "minecraft:model","model": "minecraft:item/potions/suspicious_stew/regeneration"}},
	{"when": [{"duration":100,"id":"minecraft:jump_boost"}],"model": {"type": "minecraft:model","model": "minecraft:item/potions/suspicious_stew/jump_boost"}},
	{"when": [{"duration":220,"id":"minecraft:poison"}],"model": {"type": "minecraft:model","model": "minecraft:item/potions/suspicious_stew/poison"}},
	{"when": [{"duration":140,"id":"minecraft:wither"}],"model": {"type": "minecraft:model","model": "minecraft:item/potions/suspicious_stew/wither"}}
	],
	"fallback": {"type": "minecraft:model","model": "minecraft:item/suspicious_stew"}
	}
}