{
  "model": {
    "type": "minecraft:select",
    "block_state_property": "copper_golem_pose",
    "cases": [
      {
        "model": {
			"type": "minecraft:model",
			"model": "minecraft:item/waxed_weathered_copper_golem_statue_sitting"
        },
        "when": "sitting"
      },
      {
        "model": {
			"type": "minecraft:model",
			"model": "minecraft:item/waxed_weathered_copper_golem_statue_running"
        },
        "when": "running"
      },
      {
        "model": {
			"type": "minecraft:model",
			"model": "minecraft:item/waxed_weathered_copper_golem_statue_star"
        },
        "when": "star"
      }
    ],
    "fallback": {
      "type": "minecraft:model",
      "model": "minecraft:item/waxed_weathered_copper_golem_statue"
    },
    "property": "minecraft:block_state"
  }
}